seed,minsum_mean,minsum_variance,gamma,op_mean,op_variance,mean_gap_pct,variance_reduction_pct
0,29.4,262.24,32.0,29.8,206.56000000000003,1.3605442176870821,21.232458816351425
1,23.0,212.8,32.0,23.6,182.24,2.6086956521739193,14.360902255639097
2,26.6,111.44000000000001,16.0,27.6,94.24000000000001,3.7593984962406015,15.434314429289303
3,22.6,271.84000000000003,0.0,23.4,20.24,3.539823008849545,92.55444379046499
4,41.0,258.8,0.0,42.8,165.35999999999999,4.390243902439018,36.105100463678525
5,47.2,1340.16,16.0,48.0,716.0,1.694915254237282,46.573543457497614
6,26.2,177.76000000000002,32.0,26.2,177.76000000000002,0.0,0.0
7,22.6,37.84,0.5,22.6,37.84,0.0,0.0
